{
    "loss": 0.6932352781295776,
    "accuracy": 0.5179855823516846
}